pair_id,cmi_score,hindi_prop_v2
P01973,0.5135135135135135,0.7428571428571429
P02314,0.1666666666666666,0.34375
P02108,0.5128205128205128,0.7272727272727273
P02011,0.4878048780487805,0.7777777777777778
P00102,0.3611111111111111,0.6896551724137931
P02065,0.4324324324324324,0.696969696969697
P01366,0.3947368421052631,0.7142857142857143
P02048,0.4210526315789473,0.7586206896551724
P00709,0.2857142857142857,0.4838709677419355
P02340,0.4883720930232558,0.7567567567567568
P02175,0.4285714285714285,0.8529411764705882
P02300,0.4210526315789473,0.7575757575757576
P00982,0.2424242424242424,0.46153846153846156
P02098,0.2972972972972973,0.6428571428571429
P02046,0.475,0.7222222222222222
P02875,0.4848484848484848,0.6060606060606061
P02241,0.4736842105263157,0.7096774193548387
P02106,0.5365853658536586,0.9333333333333333
P02519,0.4102564102564102,0.696969696969697
P02274,0.5,0.8709677419354839
P01759,0.4186046511627907,0.7
P02473,0.4871794871794871,0.8064516129032258
P02729,0.4651162790697674,0.8378378378378378
P02454,0.4615384615384615,0.9655172413793104
P02194,0.3611111111111111,0.65625
P00130,0.3947368421052631,0.7741935483870968
P01850,0.4358974358974359,0.7741935483870968
P00141,0.3714285714285714,0.6774193548387096
P01965,0.34375,0.4642857142857143
P01170,0.4411764705882353,0.5333333333333333
P00852,0.3947368421052631,0.6764705882352942
P02013,0.5,0.8181818181818182
P02114,0.4,0.7368421052631579
P02452,0.3157894736842105,0.59375
P00419,0.5,0.7777777777777778
P02375,0.325,0.5714285714285714
P02174,0.358974358974359,0.6774193548387096
P01918,0.4102564102564102,0.5294117647058824
P02741,0.3823529411764705,0.41379310344827586
P01937,0.45,0.75
P02425,0.4210526315789473,0.8
P02356,0.3902439024390244,0.631578947368421
P02302,0.3684210526315789,0.78125
P02277,0.3170731707317073,0.6216216216216216
P00147,0.425,0.6944444444444444
P01268,0.3947368421052631,0.7419354838709677
P00181,0.2647058823529412,0.5652173913043478
P02081,0.475,0.7647058823529411
P03002,0.4054054054054054,0.65625
P02557,0.375,0.6578947368421053
P02789,0.3055555555555556,0.45161290322580644
P01922,0.4864864864864865,0.7575757575757576
P02369,0.4102564102564102,0.8888888888888888
P02507,0.4324324324324324,0.6666666666666666
P02021,0.4,0.8571428571428571
P02240,0.3823529411764705,0.5806451612903226
P00120,0.4166666666666667,0.6129032258064516
P01384,0.4146341463414634,0.6923076923076923
P02222,0.3333333333333333,0.6774193548387096
P02689,0.0,0.0
P02517,0.5116279069767442,0.6410256410256411
P02051,0.4210526315789473,0.696969696969697
P02120,0.4102564102564102,0.6388888888888888
P02227,0.3947368421052631,0.5806451612903226
P00081,0.5,0.8285714285714286
P02524,0.3720930232558139,0.7777777777777778
P02295,0.3658536585365853,0.625
P02577,0.3333333333333333,0.6551724137931034
P02568,0.4736842105263157,0.7333333333333333
P02180,0.4736842105263157,0.6285714285714286
P02260,0.4390243902439024,0.7837837837837838
P02459,0.325,0.7931034482758621
P01993,0.4473684210526316,0.5789473684210527
P02304,0.4479166666666667,0.8611111111111112
P02451,0.4655172413793103,0.6504854368932039
P01284,0.4636363636363636,0.6831683168316832
P01544,0.4269662921348314,0.7037037037037037
P00562,0.3942307692307692,0.7191011235955056
P00114,0.5394736842105263,0.8235294117647058
P01610,0.546875,0.8181818181818182
P01479,0.4375,0.576271186440678
P02784,0.3782051282051282,0.6521739130434783
P00007,0.4634146341463415,0.7246376811594203
P02294,0.3706293706293706,0.6617647058823529
P01062,0.4729729729729729,0.8
P02386,0.39,0.7209302325581395
P01335,0.4078947368421052,0.6764705882352942
P00825,0.4110429447852761,0.7671232876712328
P00529,0.4078212290502793,0.6623376623376623
P00146,0.4838709677419355,0.5645161290322581
P00810,0.382716049382716,0.6447368421052632
P00040,0.5277777777777778,0.8153846153846154
P02767,0.2346938775510204,0.3548387096774194
P01006,0.4742268041237113,0.6966292134831461
P02759,0.4767441860465116,0.7125
P01742,0.3533834586466165,0.5327868852459017
P02510,0.4204545454545454,0.6352941176470588
P01096,0.360655737704918,0.5932203389830508
P02283,0.3595505617977528,0.75
P00124,0.484375,0.7966101694915254
P02238,0.4285714285714285,0.7424242424242424
P00855,0.4588235294117647,0.775
P01025,0.4352941176470588,0.7205882352941176
P01652,0.4861111111111111,0.9137931034482759
P00917,0.4055299539170507,0.7142857142857143
P02763,0.4825870646766169,0.8224852071005917
P02010,0.4170854271356783,0.7235294117647059
P00222,0.4333333333333333,0.7532467532467533
P01734,0.3895348837209302,0.7021276595744681
P00792,0.4246575342465753,0.696969696969697
P01559,0.4634146341463415,0.7428571428571429
P02353,0.3231707317073171,0.6148148148148148
P01054,0.4130434782608695,0.7142857142857143
P00665,0.4126984126984127,0.6339285714285714
P01220,0.4597701149425287,0.7916666666666666
P00711,0.4502369668246445,0.7634408602150538
P00641,0.45,0.8153846153846154
P00328,0.3090909090909091,0.4
P00103,0.3833333333333333,0.5370370370370371
P02364,0.4623655913978494,0.8266666666666667
P00784,0.4140350877192982,0.7681818181818182
P01435,0.5,0.9310344827586207
P01095,0.3888888888888889,0.6458333333333334
P01380,0.4945054945054945,0.7721518987341772
P02310,0.0,0.0
P00076,0.4408602150537634,0.7710843373493976
P00564,0.3333333333333333,0.5244755244755245
P02169,0.448051948051948,0.7463768115942029
P00624,0.4303030303030303,0.7372262773722628
P00524,0.4854368932038835,0.7021276595744681
P00280,0.4,0.7735849056603774
P01832,0.504950495049505,0.8235294117647058
P00266,0.3557692307692308,0.7945205479452054
P00660,0.453416149068323,0.7114093959731543
P00293,0.4473684210526316,0.6911764705882353
P00835,0.4603174603174603,0.6785714285714286
P02068,0.4039735099337748,0.75
P01476,0.549618320610687,0.7787610619469026
P00195,0.4705882352941176,0.7236842105263158
P01920,0.4096385542168674,0.7222222222222222
P01654,0.4155844155844156,0.819672131147541
P01926,0.4322033898305085,0.7419354838709677
P02567,0.5263157894736842,0.6976744186046512
P01407,0.4326923076923077,0.7555555555555555
P01595,0.4022988505747126,0.7468354430379747
P02772,0.4420600858369098,0.715
P00664,0.3506493506493506,0.6716417910447762
P02001,0.4545454545454545,0.7166666666666667
P01155,0.4155844155844156,0.6567164179104478
P01688,0.4259259259259259,0.6276595744680851
P01997,0.532258064516129,0.7017543859649122
P02876,0.5106382978723404,0.6666666666666666
P01280,0.3548387096774194,0.7352941176470589
P02467,0.4520547945205479,0.75
P01199,0.4257425742574257,0.6923076923076923
P02629,0.4451219512195122,0.7379310344827587
P02709,0.3663366336633663,0.5862068965517241
P02848,0.4827586206896552,0.8166666666666667
P00343,0.4285714285714285,0.7735849056603774
P01880,0.4142011834319526,0.6527777777777778
P01281,0.3829787234042553,0.5862068965517241
P01285,0.3896103896103896,0.7222222222222222
P00224,0.4761904761904761,0.7125
P02078,0.4931506849315068,0.7
P02047,0.4021739130434782,0.6708860759493671
P02592,0.4274509803921568,0.7783505154639175
P00907,0.4444444444444444,0.7288135593220338
P00097,0.4850746268656716,0.6923076923076923
P01564,0.53,0.7738095238095238
P01879,0.2784810126582278,0.4264705882352941
P01228,0.3636363636363636,0.524390243902439
P00356,0.4732142857142857,0.74
P01327,0.4449541284403669,0.6865671641791045
P01371,0.4814814814814814,0.8493150684931506
P02331,0.4545454545454545,0.6407766990291263
P02595,0.382716049382716,0.5882352941176471
P01538,0.417910447761194,0.6229508196721312
P00774,0.4083333333333333,0.7450980392156863
P02863,0.4666666666666667,0.7142857142857143
P01930,0.366412213740458,0.5691056910569106
P00761,0.4742268041237113,0.7241379310344828
P02026,0.4380952380952381,0.7692307692307693
P00768,0.4032258064516129,0.6239316239316239
P02825,0.3787878787878788,0.6140350877192983
P02079,0.4794520547945205,0.6875
P02522,0.54,0.7446808510638298
P00847,0.3953488372093023,0.5487804878048781
P01027,0.4210526315789473,0.5694444444444444
P02889,0.4545454545454545,0.6329113924050633
P02272,0.4647887323943662,0.8032786885245902
P01347,0.4615384615384615,0.7818181818181819
P01416,0.4722222222222222,0.7878787878787878
P00238,0.4390243902439024,0.7984496124031008
P01442,0.5064935064935064,0.6521739130434783
P01161,0.3894736842105263,0.6477272727272727
P02665,0.4466666666666666,0.6742424242424242
P01745,0.3918918918918919,0.6515151515151515
P01244,0.4246575342465753,0.6521739130434783
P02979,0.4576271186440678,0.76
P00955,0.3720930232558139,0.7452830188679245
P00360,0.5,0.7866666666666666
P02622,0.4655172413793103,0.7482014388489209
P00919,0.3442622950819672,0.46551724137931033
P00640,0.4274809160305343,0.6638655462184874
P01408,0.4838709677419355,0.7207207207207207
P00366,0.4886363636363636,0.7948717948717948
P00376,0.5194805194805194,0.8360655737704918
P00742,0.3684210526315789,0.4825174825174825
P01452,0.453125,0.7017543859649122
P02511,0.4462809917355372,0.75
P00315,0.3875,0.6875
P01467,0.4268292682926829,0.8045112781954887
P00461,0.4743589743589743,0.7205882352941176
P01168,0.2857142857142857,0.47692307692307695
P01935,0.5,0.7846153846153846
P01949,0.4146341463414634,0.684931506849315
P00161,0.5119047619047619,0.7631578947368421
P02909,0.4478764478764478,0.6869565217391305
P01741,0.4586466165413533,0.7641509433962265
P01100,0.396551724137931,0.74
P00655,0.3918918918918919,0.6101694915254238
P01726,0.3614457831325301,0.7
P01379,0.3703703703703703,0.64
P01656,0.4507042253521127,0.7419354838709677
P01963,0.4202898550724637,0.6984126984126984
P00082,0.4473684210526316,0.676056338028169
P02126,0.4927536231884058,0.7096774193548387
P00109,0.4222222222222222,0.6762589928057554
P01356,0.4347826086956521,0.7586206896551724
P00729,0.3571428571428571,0.7473684210526316
P01585,0.3333333333333333,0.7169811320754716
P01282,0.4739130434782608,0.8258706467661692
P00525,0.5540540540540541,0.7352941176470589
P01690,0.3625,0.7076923076923077
P02214,0.4285714285714285,0.7833333333333333
P01681,0.3184713375796178,0.632
P01948,0.4603174603174603,0.6842105263157895
P00793,0.4533333333333333,0.7166666666666667
P00579,0.44,0.7321428571428571
P02220,0.5396825396825397,0.7192982456140351
P02207,0.3090909090909091,0.7291666666666666
P00850,0.536,0.8571428571428571
P01026,0.4428571428571428,0.8545454545454545
P02199,0.4078947368421052,0.8
P02101,0.3308823529411764,0.5241935483870968
P01083,0.4117647058823529,0.5849056603773585
P01903,0.4054054054054054,0.7204301075268817
P01872,0.425287356321839,0.6753246753246753
P01256,0.4411764705882353,0.6153846153846154
P02127,0.4507042253521127,0.7580645161290323
P00566,0.5212765957446809,0.6444444444444445
P00787,0.4045801526717557,0.6833333333333333
P01583,0.4,0.6888888888888889
P00477,0.4673913043478261,0.6533333333333333
P02474,0.4769230769230769,0.7522123893805309
P02931,0.4903846153846153,0.7340425531914894
P01778,0.4918032786885246,0.78
P00617,0.52,0.8478260869565217
P02410,0.411214953271028,0.7441860465116279
P01448,0.4642857142857143,0.7914110429447853
P02579,0.3565891472868217,0.6637168141592921
P01487,0.4925373134328358,0.8
P02233,0.4634146341463415,0.75
P00568,0.3615384615384615,0.7142857142857143
P00128,0.4700854700854701,0.75
P01326,0.3142857142857143,0.6296296296296297
P02444,0.4409937888198758,0.8
P01122,0.4791666666666667,0.6878612716763006
P00666,0.4302788844621514,0.6814159292035398
P01219,0.3976608187134502,0.6137931034482759
P00379,0.4262295081967213,0.7169811320754716
P02513,0.4782608695652174,0.6826923076923077
P02995,0.5238095238095238,0.81875
P02251,0.4333333333333333,0.7407407407407407
P01113,0.3380281690140845,0.5254237288135594
P01783,0.4247104247104247,0.8556701030927835
P01894,0.2696629213483146,0.5789473684210527
P02239,0.369047619047619,0.6567164179104478
P00394,0.0,0.0
P01776,0.4444444444444444,0.8181818181818182
P01737,0.4086021505376344,0.5925925925925926
P01825,0.4285714285714285,0.6521739130434783
P02043,0.4727272727272727,0.7319587628865979
P02999,0.3691588785046729,0.7540983606557377
P00789,0.375,0.5901639344262295
P01382,0.4324324324324324,0.6901408450704225
P02891,0.3669724770642202,0.7204301075268817
P00413,0.4435483870967742,0.696969696969697
P01910,0.4226190476190476,0.7291666666666666
P01372,0.4941176470588235,0.8115942028985508
P00337,0.3846153846153846,0.8205128205128205
P00880,0.4607843137254901,0.717391304347826
P01958,0.3653846153846153,0.6477272727272727
P01047,0.4545454545454545,0.8260869565217391
P01453,0.4639175257731959,0.7951807228915663
P01299,0.4347826086956521,0.6949152542372882
P01233,0.5769230769230769,0.8769230769230769
P02634,0.3781512605042016,0.6857142857142857
P01051,0.4672131147540984,0.79
P01860,0.3125,0.5675675675675675
P00123,0.3287671232876712,0.4857142857142857
P01160,0.288135593220339,0.4727272727272727
P01924,0.3898305084745763,0.5660377358490566
P02403,0.4936708860759494,0.746268656716418
P01939,0.3636363636363636,0.6615384615384615
P01682,0.4669811320754717,0.7210526315789474
P01789,0.3181818181818182,0.5142857142857142
P00968,0.3709677419354839,0.5961538461538461
P00861,0.5119047619047619,0.7368421052631579
P00259,0.4104477611940298,0.7589285714285714
P00167,0.3922651933701657,0.5657894736842105
P01217,0.4406779661016949,0.7904761904761904
P02615,0.4523809523809524,0.7114093959731543
P02317,0.3502304147465437,0.7344632768361582
P00843,0.4545454545454545,0.7831325301204819
P00093,0.4174311926605504,0.8021390374331551
P00740,0.4942528735632184,0.7407407407407407
P00282,0.3571428571428571,0.5961538461538461
P01784,0.4385964912280701,0.5818181818181818
P01059,0.3978494623655914,0.6153846153846154
P01127,0.3541666666666667,0.5714285714285714
P00685,0.0,0.0
P01868,0.4528301886792453,0.75
P00409,0.421875,0.6229508196721312
P00497,0.3255813953488372,0.5822784810126582
P02777,0.4878048780487805,0.8301886792452831
P00983,0.4444444444444444,0.6666666666666666
P01882,0.4933333333333333,0.6923076923076923
P01174,0.3043478260869565,0.484375
P00201,0.4859813084112149,0.8555555555555555
P00507,0.4225352112676056,0.7322834645669292
P01621,0.4914285714285714,0.7341772151898734
P01309,0.3818181818181818,0.5673076923076923
P02409,0.5196078431372549,0.7311827956989247
P00296,0.4504504504504504,0.7115384615384616
P02094,0.375,0.6833333333333333
P00881,0.3211009174311927,0.6506024096385542
P01837,0.4666666666666667,0.725
P02679,0.4528301886792453,0.7319587628865979
P00154,0.4868421052631579,0.7101449275362319
P02902,0.4864864864864865,0.6323529411764706
P01202,0.345679012345679,0.4605263157894737
P01110,0.4050632911392405,0.5833333333333334
P02591,0.4438502673796791,0.7515923566878981
P01900,0.4774774774774775,0.693069306930693
P02143,0.303030303030303,0.53125
P02966,0.3893129770992366,0.504
P00367,0.4962962962962963,0.7786885245901639
P02550,0.4039735099337748,0.75
P00811,0.5,0.6
P02267,0.4285714285714285,0.7631578947368421
P02975,0.4666666666666667,0.627906976744186
P01241,0.4068965517241379,0.7094017094017094
P01045,0.3728813559322034,0.7592592592592593
P02366,0.5,0.8160919540229885
P00468,0.2878787878787879,0.4909090909090909
P02682,0.5714285714285714,0.7222222222222222
P00574,0.3978494623655914,0.6527777777777778
P02422,0.46875,0.7096774193548387
P02706,0.4268292682926829,0.6666666666666666
P00885,0.4761904761904761,0.8631578947368421
P00996,0.4,0.5223880597014925
P01060,0.4098360655737705,0.6981132075471698
P00796,0.3773584905660377,0.6319444444444444
P02073,0.3884297520661157,0.6238532110091743
P00681,0.4615384615384615,0.7847222222222222
P02754,0.42,0.6666666666666666
P02738,0.25,0.54
P01159,0.4077669902912621,0.6594594594594595
P01641,0.4556962025316455,0.6956521739130435
P02854,0.4054054054054054,0.6268656716417911
P01907,0.4939759036144578,0.7605633802816901
P00929,0.3209876543209876,0.609375
P01684,0.3793103448275862,0.6875
P02231,0.3636363636363636,0.6862745098039216
P00150,0.2985074626865671,0.5483870967741935
P00738,0.380281690140845,0.6101694915254238
P00090,0.5116279069767442,0.775
P01534,0.4390243902439024,0.8153846153846154
P01071,0.2727272727272727,0.36585365853658536
P02959,0.3888888888888889,0.6153846153846154
P00619,0.4274193548387097,0.797979797979798
P01495,0.5,0.7368421052631579
P02236,0.4225352112676056,0.6615384615384615
P02280,0.34375,0.7254901960784313
P02879,0.4012738853503185,0.5769230769230769
P01181,0.4805194805194805,0.684931506849315
P01503,0.4054054054054054,0.5576923076923077
P00026,0.4561403508771929,0.6923076923076923
P01207,0.3027522935779816,0.4946236559139785
P01461,0.4716981132075472,0.69
P01792,0.4,0.6545454545454545
P01518,0.4689655172413793,0.8125
P00429,0.3917525773195876,0.6666666666666666
P00215,0.5280898876404494,0.7894736842105263
P00162,0.4256756756756756,0.7931034482758621
P01020,1.0,0.0
P02415,0.411214953271028,0.7282608695652174
P00804,0.396551724137931,0.5555555555555556
P01279,0.3412698412698413,0.6126126126126126
P01912,0.3069767441860465,0.625
P00281,0.3644067796610169,0.6146788990825688
P01647,0.4802631578947368,0.6758620689655173
P00752,0.4805194805194805,0.7714285714285715
P00333,0.425,0.7428571428571429
P00289,0.5038759689922481,0.7413793103448276
P00560,0.416,0.6756756756756757
P02355,0.4322916666666667,0.7975460122699386
P02998,0.4166666666666667,0.6423357664233577
P01437,0.4508196721311475,0.75
P02162,0.4210526315789473,0.7891156462585034
P01706,0.4166666666666667,0.8688524590163934
P02390,0.4146341463414634,0.7570093457943925
P02362,0.4343434343434343,0.7625
P02786,0.3660714285714285,0.6395348837209303
P01162,0.4945054945054945,0.725
P01349,0.3896103896103896,0.71875
P00212,0.40625,0.7049180327868853
P01409,0.453125,0.7213114754098361
P02768,0.3861386138613861,0.6063829787234043
P02869,0.432,0.6396396396396397
P00662,0.5,0.8
P00561,0.5113636363636364,0.8208955223880597
P01320,0.3421052631578947,0.5507246376811594
P02354,0.436046511627907,0.6643835616438356
P02271,0.4375,0.7023809523809523
P00015,0.5185185185185185,0.6623376623376623
P01022,0.4647887323943662,0.7419354838709677
P02626,0.3873873873873873,0.6804123711340206
P02802,0.4647887323943662,0.7723577235772358
P01265,0.4523809523809524,0.6842105263157895
P02846,0.4144144144144144,0.6807017543859649
P02961,0.4729729729729729,0.7089552238805971
P02172,0.4642857142857143,0.7346938775510204
P02933,0.4790419161676646,0.8698630136986302
P01718,0.359375,0.75
P02318,0.5217391304347826,0.7948717948717948
P00508,0.4805194805194805,0.6865671641791045
P01886,0.4431818181818182,0.7323943661971831
P00730,0.419753086419753,0.6115107913669064
P00859,0.4759036144578313,0.684931506849315
P01661,0.3725490196078431,0.7159090909090909
P00934,0.5079365079365079,0.875
P01674,0.3137254901960784,0.5
P00351,0.5584415584415584,0.8805970149253731
P02234,0.4743589743589743,0.7746478873239436
P02054,0.3561643835616438,0.6417910447761194
P02810,0.4146341463414634,0.575
P00987,0.4444444444444444,0.76
P02276,0.492063492063492,0.7586206896551724
P02263,0.4589041095890411,0.7154471544715447
P00571,0.4827586206896552,0.7866666666666666
P00227,0.422680412371134,0.75
P01531,0.4615384615384615,0.7976190476190477
P02940,0.4266666666666667,0.7692307692307693
P00061,0.4380165289256198,0.8235294117647058
P01255,0.5588235294117647,0.7230769230769231
P01239,0.5,0.7866666666666666
P01337,0.4756097560975609,0.8169014084507042
P00945,0.4343434343434343,0.6823529411764706
P00252,0.3779527559055118,0.8165137614678899
P00092,0.4752475247524752,0.7738095238095238
P02587,0.4133333333333333,0.6715328467153284
P01146,0.4180327868852459,0.6666666666666666
P02254,0.4216867469879518,0.6351351351351351
P02538,0.3693693693693693,0.6770833333333334
P01620,0.5357142857142857,0.7592592592592593
P00187,0.25,0.5555555555555556
P00751,0.417910447761194,0.6666666666666666
P01449,0.4247787610619469,0.7184466019417476
P02708,0.4025974025974026,0.6496350364963503
P00117,0.4193548387096774,0.7592592592592593
P00912,0.4,0.6086956521739131
P01193,0.4084507042253521,0.6111111111111112
P00032,0.3537735849056603,0.6477272727272727
P00160,0.4516129032258064,0.7093023255813954
P00166,0.452991452991453,0.7961165048543689
P02698,0.3406593406593406,0.6625
P00679,0.2,0.5
P01103,0.3025210084033613,0.4732142857142857
P02874,0.4787878787878787,0.8231292517006803
P00174,0.4193548387096774,0.8043478260869565
P02906,0.3723404255319149,0.6946107784431138
P01516,0.5256410256410257,0.75
P02880,0.4184397163120567,0.8141592920353983
P01552,0.4477611940298507,0.6774193548387096
P02779,0.4086021505376344,0.7411764705882353
P01606,0.4166666666666667,0.6451612903225806
P01772,0.391304347826087,0.6410256410256411
P01750,0.4878048780487805,0.7105263157894737
P02981,0.4646464646464646,0.6555555555555556
P00966,0.4782608695652174,0.7777777777777778
P02147,0.3383458646616541,0.7211538461538461
P03003,0.410958904109589,0.6923076923076923
P01732,0.3666666666666666,0.6607142857142857
P01167,0.3434782608695652,0.5365853658536586
P00539,0.4137931034482758,0.8284313725490197
P02811,0.3684210526315789,0.6619718309859155
P00889,0.3,0.5094339622641509
P01953,0.4339622641509434,0.723404255319149
P02905,0.4571428571428571,0.6185567010309279
P00205,0.4206349206349206,0.7047619047619048
P02945,0.4163701067615658,0.7816593886462883
P00262,0.3829787234042553,0.7837837837837838
P01013,0.2317880794701986,0.379182156133829
P00185,0.4301075268817204,0.7654320987654321
P01234,0.48,0.7878787878787878
P00814,0.3809523809523809,0.6888888888888889
P01567,0.5,0.8076923076923077
P00896,0.4522292993630573,0.7152777777777778
P01700,0.3962264150943396,0.7083333333333334
P00816,0.4922279792746113,0.650887573964497
P00039,0.5034965034965035,0.8380952380952381
P01946,0.4375,0.7321428571428571
P02813,0.3636363636363636,0.5110132158590308
P02801,0.43646408839779,0.7364864864864865
P01520,0.4953271028037383,0.7368421052631579
P01663,0.5,0.831858407079646
P02675,0.3918918918918919,0.6774193548387096
P00271,0.4161073825503356,0.8440366972477065
P01560,0.5063291139240507,0.7971014492753623
P00214,0.3939393939393939,0.6129032258064516
P00844,0.48,0.6421052631578947
P02378,0.3983739837398374,0.74
P01705,0.4754098360655737,0.7090909090909091
P00963,0.4098360655737705,0.5178571428571429
P00380,0.4462809917355372,0.7684210526315789
P00933,0.4191919191919191,0.7142857142857143
P00995,0.5125,0.8028169014084507
P02596,0.3617021276595745,0.6666666666666666
P01470,0.4029850746268656,0.6607142857142857
P00622,0.3809523809523809,0.575
P02916,0.5420560747663551,0.8282828282828283
P02569,0.494949494949495,0.7380952380952381
P01668,0.45,0.7323943661971831
P01057,0.4,0.7441860465116279
P00164,0.4318181818181818,0.6455696202531646
P01312,0.4380952380952381,0.6923076923076923
P02900,0.417910447761194,0.7586206896551724
P02516,0.4444444444444444,0.6956521739130435
P02594,0.4080459770114942,0.7151898734177216
P00268,0.4605263157894737,0.6376811594202898
P02792,0.0,0.0
P00798,0.4817518248175182,0.8
P01368,0.4640522875816993,0.8034188034188035
P00845,0.2941176470588235,0.515625
P02159,0.4805194805194805,0.7681159420289855
P01086,0.4269662921348314,0.7371794871794872
P02640,0.4352941176470588,0.7222222222222222
P01744,0.4810126582278481,0.8387096774193549
P01639,0.6231884057971014,0.78125
P00451,0.3492063492063492,0.6181818181818182
P00290,0.5238095238095238,0.8256880733944955
P02901,0.390625,0.5172413793103449
P00194,0.4513274336283185,0.7717391304347826
P01603,0.4769230769230769,0.8679245283018868
P00824,0.422680412371134,0.6162790697674418
P01766,0.4,0.7878787878787878
P01496,0.4146341463414634,0.7397260273972602
P00821,0.5287356321839081,0.8461538461538461
P01809,0.2872340425531915,0.43023255813953487
P01040,0.5145631067961165,0.8314606741573034
P02782,0.3333333333333333,0.6304347826086957
P01291,0.4084507042253521,0.7115384615384616
P01415,0.3875,0.7480314960629921
P00411,0.3818181818181818,0.8837209302325582
P01262,0.475,0.7361111111111112
P00878,0.4,0.676056338028169
P02005,0.4661016949152542,0.8
P01843,0.4911242603550296,0.7181208053691275
P00609,0.4666666666666667,0.5636363636363636
P01731,0.3333333333333333,0.6764705882352942
P01333,0.430379746835443,0.8291457286432161
P01530,0.448051948051948,0.782258064516129
P02464,0.4807692307692308,0.85
P00651,0.3706896551724138,0.631578947368421
P01074,0.3902439024390244,0.7183098591549296
P01098,0.3271028037383177,0.5368421052631579
P01222,0.4965986394557823,0.8403361344537815
P02790,0.4010152284263959,0.5549132947976878
P01996,0.4516129032258064,0.7735849056603774
P00659,0.4409448818897638,0.6923076923076923
P01893,0.352112676056338,0.7295081967213115
P02500,0.4052287581699346,0.7265625
P00122,0.4313725490196078,0.6884057971014492
P01940,0.5,0.8
P01976,0.4285714285714285,0.68
P00425,0.4649122807017544,0.7047619047619048
P02833,0.3831775700934579,0.7065217391304348
P02921,0.2980132450331126,0.4
P00958,0.4235294117647059,0.7142857142857143
P02865,0.3597122302158273,0.5877192982456141
P02430,0.3736263736263736,0.6025641025641025
P01609,0.4620253164556962,0.7923076923076923
P01527,0.3561643835616438,0.7164179104477612
P01446,0.4912280701754385,0.7857142857142857
P00344,0.5308641975308642,0.7945205479452054
P00601,0.4172661870503597,0.7142857142857143
P00157,0.5217391304347826,0.7580645161290323
P00611,0.3866666666666666,0.6944444444444444
P02113,0.4675324675324675,0.7313432835820896
P02544,0.3873873873873873,0.6966292134831461
P01697,0.4444444444444444,0.7704918032786885
P00056,0.5076923076923077,0.734375
P02360,0.4657534246575342,0.6615384615384615
P00196,0.4123711340206185,0.6941176470588235
P00713,0.3717277486910995,0.6079545454545454
P00412,0.4020618556701031,0.6987951807228916
P01383,0.4,0.6307692307692307
P01402,0.4565217391304347,0.6984126984126984
P00650,0.4078947368421052,0.6747967479674797
P01945,0.4123711340206185,0.6404494382022472
P02210,0.4121621621621621,0.6818181818181818
P00559,0.5,0.6770833333333334
P02135,0.4953271028037383,0.872093023255814
P01348,0.40625,0.7037037037037037
P02578,0.4126984126984127,0.6440677966101694
P00502,0.351063829787234,0.6627906976744186
P01315,0.4464285714285714,0.7257142857142858
P01363,0.4886363636363636,0.7368421052631579
P01157,0.4387755102040816,0.6413043478260869
P00184,0.5034013605442177,0.7890625
P01542,0.4673913043478261,0.6867469879518072
P02371,0.5045045045045045,0.7222222222222222
P00340,0.423728813559322,0.7636363636363637
P00696,0.3717948717948718,0.6521739130434783
P01738,0.3082706766917293,0.532258064516129
P02064,0.4014084507042254,0.6850393700787402
P00145,0.2622950819672131,0.5925925925925926
P02632,0.4244897959183673,0.6637168141592921
P00096,0.5,0.703125
P02341,0.524390243902439,0.7368421052631579
P01543,0.5050505050505051,0.7333333333333333
P02838,0.4828897338403042,0.7808219178082192
P01240,0.4148148148148148,0.7004405286343612
P01932,0.4244604316546763,0.7981651376146789
P00075,0.4558823529411764,0.7796610169491526
P00044,0.3855421686746988,0.6455696202531646
P01386,0.3472222222222222,0.6461538461538462
P02432,0.449438202247191,0.7625
P01298,0.417910447761194,0.6909090909090909
P00016,0.359090909090909,0.6777777777777778
P01577,0.5053763440860215,0.8452380952380952
P01410,0.4768211920529801,0.7555555555555555
P02776,0.2610837438423645,0.4021164021164021
P00720,0.5733333333333334,0.7164179104477612
P01528,0.4390243902439024,0.7183098591549296
P00726,0.3626373626373626,0.7027027027027027
P01151,0.3608247422680412,0.6172839506172839
P01793,0.574468085106383,0.717391304347826
P00381,0.4133333333333333,0.8
P02173,0.3968253968253968,0.7090909090909091
P00723,0.4966887417218543,0.84
P00869,0.293103448275862,0.4423076923076923
P01301,0.4088888888888889,0.751412429378531
P01752,0.5,0.7701149425287356
P02289,0.4556962025316455,0.7857142857142857
P00708,0.3571428571428571,0.6567164179104478
P02621,0.445414847161572,0.6965174129353234
P01743,0.4099378881987577,0.7535211267605634
P02427,0.4705882352941176,0.6753246753246753
P00010,0.4482758620689655,0.7222222222222222
P01048,0.3561643835616438,0.7758620689655172
P01424,0.5151515151515151,0.8727272727272727
P01056,0.417910447761194,0.5833333333333334
P03004,0.4143426294820717,0.7072072072072072
P00598,0.320754716981132,0.5913978494623656
P02548,0.3644859813084112,0.6067415730337079
P00359,0.4622641509433962,0.7604166666666666
P01206,0.495049504950495,0.7272727272727273
P00080,0.4166666666666667,0.6607142857142857
P02002,0.417910447761194,0.7272727272727273
P02484,0.4069767441860465,0.6923076923076923
P02910,0.5789473684210527,0.7307692307692307
P00911,0.345679012345679,0.5616438356164384
P00716,0.3978494623655914,0.5764705882352941
P00866,0.5277777777777778,0.6716417910447762
P00876,0.4352941176470588,0.7583892617449665
P01350,0.532258064516129,0.8181818181818182
P01957,0.3943661971830985,0.6307692307692307
P00398,0.3618421052631579,0.734375
P00760,0.4636363636363636,0.78
P00649,0.4096385542168674,0.7686567164179104
P01857,0.5,0.7586206896551724
P01807,0.3764705882352941,0.5128205128205128
P02209,0.4426229508196721,0.5964912280701754
P02870,0.391304347826087,0.6119402985074627
P02420,0.4459459459459459,0.640625
P01101,0.4677419354838709,0.7735849056603774
P01508,0.4098360655737705,0.6363636363636364
P02009,0.0,0.0
P01456,0.4857142857142857,0.8620689655172413
P02648,0.3883495145631068,0.6086956521739131
P00999,0.3790322580645161,0.7321428571428571
P01753,0.5,0.7283950617283951
P00504,0.43,0.5842696629213483
P01365,0.5304347826086957,0.8073394495412844
P01695,0.3924050632911392,0.7153846153846154
P02129,0.4025974025974026,0.6351351351351351
P00520,0.4224137931034483,0.7095238095238096
P02847,0.3922204213938411,0.609981515711645
P02284,0.3278688524590163,0.5094339622641509
P02646,0.4319526627218935,0.7086092715231788
P02532,0.4705882352941176,0.7191011235955056
P02264,0.4013157894736842,0.8157894736842105
P00717,0.3366336633663366,0.6208333333333333
P01648,0.360655737704918,0.7115384615384616
P00690,0.4505494505494505,0.5862068965517241
P00925,0.4189189189189189,0.578125
P01388,0.4,0.7723577235772358
P02188,0.453125,0.8727272727272727
P01666,0.4605263157894737,0.7575757575757576
P02783,0.4426229508196721,0.7407407407407407
P00719,0.4464285714285714,0.7613636363636364
P02868,0.3896713615023474,0.7005649717514124
P00939,0.4536082474226804,0.75
P00986,0.334975369458128,0.578125
P01856,0.5119047619047619,0.8472222222222222
P02166,0.4416666666666666,0.8383838383838383
P00605,0.4117647058823529,0.6724137931034483
P00490,0.455026455026455,0.7329192546583851
P00478,0.4782608695652174,0.7024793388429752
P00008,0.4426229508196721,0.6792452830188679
P02307,0.4444444444444444,0.7323943661971831
P02555,0.3670886075949367,0.6666666666666666
P00677,0.4769230769230769,0.8103448275862069
P01989,0.5111111111111111,0.8504672897196262
P01396,0.4725274725274725,0.76
P02941,0.4193548387096774,0.6074766355140186
P01488,0.4712643678160919,0.6987951807228916
P02348,0.4318181818181818,0.6329113924050633
P00765,0.3243243243243243,0.625
P01722,0.46875,0.7818181818181819
P01929,0.4285714285714285,0.803030303030303
P01892,0.4714285714285714,0.6379310344827587
P01599,0.5333333333333333,0.7450980392156863
P00732,0.379746835443038,0.696969696969697
P01964,0.4112903225806452,0.7628865979381443
P01714,0.5068493150684932,0.7611940298507462
P02083,0.5106382978723404,0.8024691358024691
P02525,0.3977272727272727,0.6455696202531646
P01053,0.3924050632911392,0.7
P02350,0.2959183673469387,0.6703296703296703
P00131,0.4264705882352941,0.75
P01125,0.3928571428571428,0.7397260273972602
P01736,0.4042553191489361,0.7073170731707317
P02290,0.4814814814814814,0.8378378378378378
P02337,0.3891891891891892,0.6688311688311688
P01848,0.4051724137931034,0.6699029126213593
P00941,0.4166666666666667,0.7727272727272727
P02365,0.5578947368421052,0.7954545454545454
P01941,0.4756097560975609,0.7333333333333333
P00867,0.4666666666666667,0.7372881355932204
P02572,0.5060240963855421,0.6794871794871795
P00175,0.546875,0.8545454545454545
P01120,0.3934426229508196,0.7925531914893617
P00247,0.3863636363636363,0.7222222222222222
P00143,0.4705882352941176,0.6585365853658537
P01549,0.4444444444444444,0.6941176470588235
P02128,0.425,0.6428571428571429
P02382,0.4782608695652174,0.7380952380952381
P02965,0.375,0.6336633663366337
P02344,0.5529411764705883,0.7638888888888888
P00977,0.4310344827586206,0.6981132075471698
P00260,0.4065420560747663,0.7401129943502824
P02694,0.3051948051948052,0.48951048951048953
P01005,0.3661971830985915,0.5652173913043478
P01458,0.4700854700854701,0.6571428571428571
P00836,0.4105263157894737,0.5795454545454546
P00706,0.3446327683615819,0.625
P02198,0.6071428571428571,0.8051948051948052
P02084,0.4339622641509434,0.797752808988764
P01572,0.4868421052631579,0.8059701492537313
P00563,0.5238095238095238,0.8082191780821918
P00782,0.3495145631067961,0.675
P00397,0.5116279069767442,0.654320987654321
P02455,0.5042735042735043,0.7
P00396,0.4354838709677419,0.7431192660550459
P02388,0.3630952380952381,0.6527777777777778
P01149,0.3426573426573426,0.664
P02678,0.4411764705882353,0.6666666666666666
P00171,0.4683544303797468,0.6578947368421053
P02755,0.4605263157894737,0.6176470588235294
P00169,0.37,0.6707317073170732
P02710,0.358974358974359,0.7571428571428571
P00208,0.4473684210526316,0.7857142857142857
P01942,0.5370370370370371,0.6938775510204082
P00643,0.4573643410852713,0.8144329896907216
P00899,0.4925373134328358,0.782608695652174
P02884,0.4047619047619047,0.5324675324675324
P00676,0.40625,0.7441860465116279
P02890,0.4125874125874126,0.6097560975609756
P01179,0.5068493150684932,0.7777777777777778
P00785,0.4607843137254901,0.8085106382978723
P00402,0.4931506849315068,0.9152542372881356
P02821,0.39,0.5172413793103449
P02997,0.3841059602649007,0.6338028169014085
P01947,0.4262295081967213,0.8130841121495327
P00721,0.4099378881987577,0.6619718309859155
P00064,0.4418604651162791,0.75177304964539
P01899,0.423469387755102,0.7215909090909091
P00447,0.45,0.704225352112676
P02413,0.4387755102040816,0.7857142857142857
P00226,0.4534883720930232,0.6710526315789473
P02818,0.4545454545454545,0.7777777777777778
P01612,0.4805194805194805,0.7536231884057971
P01646,0.0,0.0
P02723,0.3484848484848485,0.6949152542372882
P01756,0.5294117647058824,0.7614678899082569
P02022,0.5277777777777778,0.7563025210084033
P02885,0.3579545454545454,0.684931506849315
P02611,0.3902439024390244,0.6619718309859155
P00914,0.4114832535885167,0.6964285714285714
P00627,0.1758241758241758,0.24096385542168675
P01364,0.4756097560975609,0.6417910447761194
P01561,0.4776119402985074,0.6923076923076923
P00347,0.4583333333333333,0.734375
P00687,0.4186046511627907,0.6639344262295082
P01260,0.4578313253012048,0.7428571428571429
P00371,0.436241610738255,0.8130081300813008
P02504,0.4432989690721649,0.7444444444444445
P01399,0.4871794871794871,0.7019230769230769
P02023,0.3944954128440367,0.6938775510204082
P01956,0.515625,0.7719298245614035
P02389,0.3881578947368421,0.8145161290322581
P01986,0.352112676056338,0.7368421052631579
P00536,0.4161073825503356,0.6785714285714286
P02982,0.424,0.6986301369863014
P02530,0.453781512605042,0.7916666666666666
P00989,0.4131736526946107,0.6992481203007519
P00686,0.3950617283950617,0.5986394557823129
P02261,0.3893805309734513,0.6804123711340206
P02313,0.2087542087542087,0.34814814814814815
P00416,0.4056603773584906,0.6820512820512821
P01575,0.4819277108433735,0.7333333333333333
P02508,0.361344537815126,0.6732673267326733
P00404,0.4722222222222222,0.796875
P01126,0.3370786516853932,0.5465116279069767
P00710,0.4875,0.7222222222222222
P02178,0.464,0.6846846846846847
P00057,0.4590163934426229,0.7407407407407407
P01587,0.4647887323943662,0.75
P00307,0.44,0.7846153846153846
P02922,0.4520547945205479,0.7089552238805971
P02969,0.3958333333333333,0.5217391304347826
P01144,0.4574468085106383,0.5555555555555556
P00204,0.2653061224489796,0.4782608695652174
P00935,0.5,0.8245614035087719
P01562,0.2020725388601036,0.33707865168539325
P02809,0.4,0.7435897435897436
P00438,0.3333333333333333,0.5966386554621849
P02278,0.4096385542168674,0.6842105263157895
P01566,0.4242424242424242,0.7801418439716312
P02747,0.4556962025316455,0.6197183098591549
P01746,0.5,0.8023255813953488
P00628,0.375,0.7047619047619048
P02635,0.4285714285714285,0.5185185185185185
P01330,0.5,0.7532467532467533
P01273,0.5309734513274337,0.8085106382978723
P01015,0.4579439252336448,0.71875
P02396,0.3636363636363636,0.5078125
P00013,0.4772727272727273,0.7215189873417721
P01213,0.3684210526315789,0.5192307692307693
P01480,0.5309734513274337,0.865979381443299
P00788,0.4382022471910112,0.676056338028169
P01038,0.4714285714285714,0.8064516129032258
P02655,0.5434782608695652,0.9024390243902439
P01608,0.46,0.7415730337078652
P01434,0.4485981308411215,0.7727272727272727
P00518,0.3862068965517241,0.688
P00083,0.4022988505747126,0.717948717948718
P00607,0.4379084967320261,0.8943089430894309
P01798,0.4444444444444444,0.9166666666666666
P01702,0.3550295857988165,0.7122302158273381
P02644,0.3947368421052631,0.6836734693877551
P00644,0.5232558139534884,0.7922077922077922
P01727,0.3688524590163934,0.7628865979381443
P01303,0.3409090909090909,0.7142857142857143
P00462,0.4521739130434782,0.7070707070707071
P00616,0.3763440860215054,0.6987951807228916
P00272,0.5254237288135594,0.7647058823529411
P00231,0.4187725631768953,0.7649572649572649
P00182,0.4195402298850574,0.5950920245398773
P01840,0.3790322580645161,0.6203703703703703
P02195,0.3839285714285714,0.75
P00137,0.3902439024390244,0.6363636363636364
P02176,0.5257731958762887,0.8674698795180723
P02798,0.4271844660194174,0.7674418604651163
P02630,0.5232558139534884,0.8
P00420,0.3402061855670103,0.7
P02212,0.1684210526315789,0.32727272727272727
P02202,0.4714285714285714,0.6935483870967742
P00311,0.437037037037037,0.7567567567567568
P02748,0.4387755102040816,0.6551724137931034
P02438,0.4126984126984127,0.7230046948356808
P01035,0.4347826086956521,0.625
P01287,0.4107142857142857,0.6804123711340206
P00454,0.3636363636363636,0.5405405405405406
P02339,0.4850746268656716,0.7350427350427351
P00362,0.5918367346938775,0.7777777777777778
P00799,0.4032258064516129,0.6666666666666666
P02204,0.4125,0.618421052631579
P00873,0.4748858447488584,0.7817258883248731
P01008,0.4647887323943662,0.6567164179104478
P02421,0.3717948717948718,0.7384615384615385
P00189,0.4444444444444444,0.7464788732394366
P02093,0.4769230769230769,0.8035714285714286
P00767,0.2022160664819944,0.2873900293255132
P00243,0.3859649122807017,0.6666666666666666
P01133,0.4270833333333333,0.6395348837209303
P01925,0.4954954954954955,0.7920792079207921
P01370,0.4361702127659574,0.7647058823529411
P00842,0.33,0.5934065934065934
P02903,0.5480769230769231,0.7422680412371134
P02165,0.44,0.7280701754385965
P02346,0.4966442953020134,0.7446808510638298
P02016,0.4132231404958678,0.6818181818181818
P01468,0.4878048780487805,0.72
P02565,0.4054054054054054,0.6739130434782609
P00812,0.4868421052631579,0.7794117647058824
P01532,0.2,0.5
P00581,0.4304635761589404,0.8188976377952756
P00384,0.4354838709677419,0.7169811320754716
P01104,0.4761904761904761,0.7222222222222222
P00354,0.4821428571428571,0.7346938775510204
P02657,0.3380281690140845,0.5606060606060606
P01043,0.5,0.7162162162162162
P02168,0.4328358208955223,0.6910569105691057
P02076,0.3472222222222222,0.5967741935483871
P01494,0.3692307692307692,0.6111111111111112
P01519,0.4423076923076923,0.8089887640449438
P02039,0.4641833810888252,0.75
P00325,0.4782608695652174,0.7662337662337663
P00291,0.4608695652173913,0.6886792452830188
P02638,0.5,0.8205128205128205
P01177,0.4305555555555556,0.703125
P00513,0.4322033898305085,0.6396396396396397
P00456,0.4285714285714285,0.7313432835820896
P02992,0.53125,0.6813186813186813
P01659,0.3977272727272727,0.8421052631578947
P02351,0.5579710144927537,0.8
P02481,0.4391891891891892,0.6617647058823529
P00544,0.5,0.7875
P02249,0.4028776978417266,0.7747747747747747
P01642,0.3424657534246575,0.5
P02512,0.4320987654320987,0.6052631578947368
P00786,0.4645669291338583,0.6972477064220184
P02215,0.5151515151515151,0.8490566037735849
P01630,0.336,0.6055045871559633
P01411,0.5054945054945055,0.8767123287671232
P02899,0.4649122807017544,0.7019230769230769
P01923,0.4246575342465753,0.7272727272727273
P02943,0.3764705882352941,0.6962962962962963
P01158,0.3368421052631579,0.4939759036144578
P00635,0.5192307692307693,0.7906976744186046
P00548,0.4263157894736842,0.6982248520710059
P01990,0.3396226415094339,0.5102040816326531
P02479,0.4146341463414634,0.7464788732394366
P00370,0.4260355029585799,0.6688741721854304
P00002,0.3692307692307692,0.6862745098039216
P02586,0.4032258064516129,0.7281553398058253
P01571,0.5363636363636364,0.7238095238095238
P01270,0.4328358208955223,0.5606060606060606
P01250,0.3949579831932773,0.5963302752293578
P00401,0.3839285714285714,0.6568627450980392
P02828,0.4393939393939394,0.6666666666666666
P01276,0.3896103896103896,0.6764705882352942
P01597,0.4895833333333333,0.8372093023255814
P00746,0.410958904109589,0.6944444444444444
P00127,0.3623188405797101,0.5909090909090909
P01328,0.3790322580645161,0.6574074074074074
P02736,0.4264705882352941,0.631578947368421
P02367,0.3372781065088757,0.5620915032679739
P02560,0.4421052631578947,0.6941176470588235
P01129,0.350210970464135,0.6502463054187192
P01236,0.4025974025974026,0.6716417910447762
P01632,0.413265306122449,0.75625
P02917,0.4791666666666667,0.75
P00998,0.3968253968253968,0.7037037037037037
P00275,0.4196428571428571,0.6534653465346535
P01512,0.4166666666666667,0.8125
P02878,0.4580152671755725,0.7416666666666667
P02793,0.4054054054054054,0.6470588235294118
P01293,0.4390243902439024,0.875
P00575,0.4166666666666667,0.7714285714285715
P00176,0.4554455445544554,0.6989247311827957
P01482,0.5915492957746479,0.7014925373134329
P01055,0.4090909090909091,0.6909090909090909
P00249,0.4285714285714285,0.6964285714285714
P00203,0.4545454545454545,0.819672131147541
P02667,0.4041095890410959,0.680327868852459
P02363,0.4398148148148148,0.7752808988764045
P00197,0.4352941176470588,0.7368421052631579
P00956,0.35,0.7363636363636363
P00808,0.265625,0.5
P00675,0.5540540540540541,0.7868852459016393
P01267,0.410958904109589,0.6724137931034483
P00860,0.3991596638655462,0.7258883248730964
P02730,0.4382022471910112,0.7857142857142857
P00309,0.4615384615384615,0.8333333333333334
P00903,0.5405405405405406,0.7846153846153846
P01574,0.3846153846153846,0.5821917808219178
P02268,0.3880597014925373,0.7547169811320755
P01302,0.4603960396039604,0.7558139534883721
P02495,0.4171779141104294,0.7112676056338029
P00771,0.4155844155844156,0.6571428571428571
P00953,0.4125,0.6470588235294118
P02509,0.4426229508196721,0.675
P01802,0.4077669902912621,0.7469879518072289
P01717,0.5901639344262295,0.8103448275862069
P01343,0.4096385542168674,0.7183098591549296
P02490,0.4224137931034483,0.696969696969697
P00358,0.3866666666666666,0.5652173913043478
P01818,0.3617021276595745,0.5867768595041323
P02503,0.0,0.0
P02383,0.4451219512195122,0.7414965986394558
P00757,0.4736842105263157,0.7349397590361446
P00819,0.0,0.0
P02142,0.4492753623188406,0.7903225806451613
P02418,0.5154639175257731,0.7816091954022989
P00637,0.4356435643564356,0.7582417582417582
P01184,0.4358974358974359,0.6533333333333333
P01324,0.4520547945205479,0.7226890756302521
P02520,0.4431818181818182,0.6052631578947368
P01972,0.527027027027027,0.676056338028169
P01767,0.3720930232558139,0.6666666666666666
P00414,0.5614035087719298,0.7407407407407407
P02035,0.4383561643835616,0.7642276422764228
P02518,0.4461538461538462,0.639344262295082
P02488,0.5299145299145299,0.8383838383838383
P02684,0.4485981308411215,0.7419354838709677
P01969,0.390625,0.6206896551724138
P01457,0.3883495145631068,0.7570621468926554
P02827,0.4629629629629629,0.77
P01625,0.4408602150537634,0.6744186046511628
P00043,0.4153846153846154,0.6129032258064516
P00777,0.4,0.8
P00750,0.431578947368421,0.7654320987654321
P01881,0.4567901234567901,0.704225352112676
P01797,0.4193548387096774,0.5975609756097561
P00971,0.3667953667953668,0.6872037914691943
P01808,0.4558823529411764,0.6333333333333333
P00304,0.4175824175824176,0.782608695652174
P01226,0.5072463768115942,0.7583333333333333
P01403,0.3876651982378855,0.7823834196891192
P00990,0.5256410256410257,0.6986301369863014
P00034,0.4966887417218543,0.7352941176470589
P01376,0.40625,0.7548387096774194
P01112,0.4936708860759494,0.7536231884057971
P02480,0.2681818181818182,0.34328358208955223
P02255,0.5454545454545454,0.711864406779661
P01581,0.5,0.7142857142857143
P01723,0.3828125,0.7129629629629629
P02912,0.4032258064516129,0.6956521739130435
P00011,0.231578947368421,0.3860182370820669
P01355,0.5301204819277109,0.8382352941176471
P00339,0.4705882352941176,0.7936507936507936
P02764,0.3851351351351351,0.6532258064516129
P00059,0.3013698630136986,0.546875
P02091,0.4125,0.6388888888888888
P02136,0.3406593406593406,0.569620253164557
P02590,0.3955696202531645,0.6545454545454545
P01472,0.3592233009708738,0.6777777777777778
P00317,0.423469387755102,0.7317073170731707
P01073,0.4225352112676056,0.6166666666666667
P00913,0.4270833333333333,0.5543478260869565
P01781,0.5064935064935064,0.6417910447761194
P02087,0.3947368421052631,0.8823529411764706
P00801,0.417391304347826,0.7551020408163265
P00251,0.4875,0.8208955223880597
P00731,0.3910891089108911,0.7017543859649122
P02095,0.375,0.8296296296296296
P01846,0.4105263157894737,0.7333333333333333
P00993,0.422077922077922,0.7559055118110236
P01463,0.4823529411764706,0.7391304347826086
P02412,0.4198473282442748,0.5811965811965812
P02551,0.4065040650406504,0.7666666666666667
P01994,0.3684210526315789,0.8333333333333334
P00210,0.4285714285714285,0.7625
P02919,0.3826086956521739,0.5315315315315315
P00683,0.3793103448275862,0.6538461538461539
P02336,0.4436619718309859,0.6935483870967742
P01428,0.5138888888888888,0.6923076923076923
P01865,0.3818181818181818,0.6808510638297872
P02111,0.3947368421052631,0.6868686868686869
P00476,0.3837209302325581,0.6842105263157895
P01164,0.4065934065934066,0.5542168674698795
P00108,0.3964757709251101,0.7752808988764045
P01018,0.452991452991453,0.6972477064220184
P00921,0.4285714285714285,0.6822429906542056
P02102,0.4310344827586206,0.7142857142857143
P00936,0.4024390243902439,0.7397260273972602
P00421,0.4482758620689655,0.8
P02743,0.4814814814814814,0.8309859154929577
P01248,0.3982300884955752,0.7272727272727273
P00642,0.4425675675675675,0.8
P01369,0.4504504504504504,0.7065217391304348
P01915,0.3962264150943396,0.7671232876712328
P02851,0.3807531380753138,0.6367924528301887
P02712,0.3915343915343915,0.6883116883116883
P01558,0.3733333333333333,0.6417910447761194
P02725,0.390625,0.625
P01754,0.495575221238938,0.7980769230769231
P02259,0.4888888888888889,0.7808219178082192
P02837,0.4429530201342282,0.8130081300813008
P02529,0.3766233766233766,0.717741935483871
P00244,0.4513274336283185,0.7821782178217822
P00073,0.4144736842105263,0.765625
P01313,0.4683544303797468,0.7246376811594203
P01169,0.43125,0.7479674796747967
P02012,0.4623655913978494,0.8441558441558441
P00085,0.4710743801652892,0.7242990654205608
P02478,0.3783783783783784,0.693069306930693
P02428,0.4827586206896552,0.7333333333333333
P00722,0.4645161290322581,0.6642857142857143
P02816,0.5294117647058824,0.7638888888888888
P00335,0.4586466165413533,0.808695652173913
P02235,0.323943661971831,0.7522935779816514
P00541,0.3898305084745763,0.7075471698113207
P01901,0.4606741573033708,0.8082191780821918
P01137,0.4635761589403973,0.7591240875912408
P01790,0.3484848484848485,0.5892857142857143
P02871,0.4436090225563909,0.7583333333333333
P00932,0.4769230769230769,0.7747747747747747
P02137,0.5392156862745098,0.8068181818181818
P01360,0.3829787234042553,0.6781609195402298
P01422,0.3382352941176471,0.6605504587155964
P00725,0.5384615384615384,0.8481012658227848
P00465,0.4067796610169492,0.6701030927835051
P02502,0.4393939393939394,0.794392523364486
P02773,0.4482758620689655,0.6851851851851852
P01600,0.3863636363636363,0.7638888888888888
P00537,0.4656862745098039,0.6931216931216931
P00588,0.4700854700854701,0.75
P00630,0.4787234042553192,0.7083333333333334
P02993,0.4375,0.7682926829268293
P00140,0.5,0.7301587301587301
P00098,0.3644067796610169,0.6915887850467289
P01011,0.4,0.5769230769230769
P00239,0.4413145539906103,0.788235294117647
P01796,0.4432432432432432,0.6962025316455697
P00865,0.4,0.6293103448275862
P01119,0.4736842105263157,0.7569444444444444
P00533,0.4327485380116959,0.7862068965517242
P01782,0.4525139664804469,0.8410596026490066
P02042,0.4576271186440678,0.7058823529411765
P02688,0.48,0.782608695652174
P01289,0.4431818181818182,0.7692307692307693
P01081,0.4551282051282051,0.6546762589928058
P01852,0.4320987654320987,0.7066666666666667
P02849,0.4719101123595505,0.7105263157894737
P01806,0.4666666666666667,0.75
P00890,0.5,0.7281553398058253
P00691,0.4024390243902439,0.8055555555555556
P02018,0.4363636363636363,0.6631578947368421
P00295,0.4705882352941176,0.810126582278481
P00406,0.4375,0.6612903225806451
P00988,0.3581081081081081,0.6287878787878788
P00762,0.4803921568627451,0.8444444444444444
P02134,0.288135593220339,0.56
P02575,0.4719101123595505,0.7746478873239436
P02528,0.5922330097087378,0.8089887640449438
P02642,0.4729729729729729,0.746268656716418
P00954,0.3787878787878788,0.7678571428571429
P01541,0.4196428571428571,0.6145833333333334
